,Content,Location,Username,Retweet-Count,Favorites,Created at
0,#Japanese #japan #lessons #virtual #learning from home #nihongo #foreign language #onlineschool #foreignlanguage #tokyo #oosaka #japaneseculture #japanesestudy #travel #triptojapan #MadeWithRipl via https://t.co/Khv76fnSbg https://t.co/XbW8UQXa0b,https://www.swacia.com/,SWACIN,1,0,2020-08-02 02:43:21
1,"Entrepreneur or students? The internet is a great tool for integrating schools online. #college #onlinelearning #entrepreneurship #entrepreneurlife #business101 #businesstips #universities #onlineschool 
https://t.co/nZfTzTxvOk https://t.co/ffg6mhqF6L",New York,workschool_co,0,3,2020-08-02 01:46:01
2,"How does After School and Idea Lab Plus work? Here are the simple steps that you need to do! 👇

#IDEALabKids #AfterSchoolExperience #AfterSchool #LearnAndPlay #LearnOnline #OnlineLearning #COVID19Update #OnlineSchool https://t.co/gpPaQXshxw","Houston, TX - International",idealabkids,0,0,2020-08-02 01:00:00
3,Kids' mental health can struggle during online school. Here's how #teachers are planning ahead. #onlineschool  https://t.co/rZUdolZjAn,New York,TheTraceC,0,0,2020-08-01 22:05:07
4,"@MelissaAFrancis Then tell Donald to shut @Target down, the #coronavirus #COVID19 will continue to spread until there is an effective #vaccine until then schools should be #onlineschool stores should limit the number of people, and people should #MaskUp",The great USA,The_real_shaver,0,0,2020-08-01 19:32:18
5,ICYMI: Going Virtual https://t.co/CKvnkd3jZS #epilepsy #epilepsyawareness #parenting #onlineschool #virtuallearning #epilepsydad #IEP https://t.co/mDyZn7QtAC,"Philadelphia, PA",epilepsy_dad,0,1,2020-08-01 17:18:02
6,"""Our Perceptive Field brings us into communication and communion with All of Life"" -- Jody Mountain

#LomiLomiMassage #DanceTherapy #MassageTherapy #AncientHawaii #SelfCare #SelfLove #AncientTraining #AncientDance #Healing #HealingRetreat #InnerPeace #OnlineSchool #OnlineCourse https://t.co/HPOOsVIKUl","Hawaii, USA",LomiTrainings,0,1,2020-08-01 17:00:36
7,"Episode 10 is available now! Are online schools better than brick &amp; mortar schools? Is art school worth the money? We cover it all! Let us know what you think!

#animationhappyhour #animation #podcast #onlineschool #brickandmortar #school #education https://t.co/MhzvJCMeHo","Los Angeles, CA",AnimHappyHour,1,3,2020-08-01 16:45:24
8,"Enrollment is open to all the students!

Visit https://t.co/NX7XWdVodI or contact us at (888) 567-1844.

#virtualclassroom #distanceeducation #distancelearning #onlineschool #virtuallearning #onlineschool #onlineteaching #saturdaymotivation #saturdayvibes #saturdaythoughts https://t.co/xmQIM57nbG","Tempe, AZ",pinnaclevhs,0,0,2020-08-01 15:25:00
9,Visit our online Tai Chi school open 24/7. https://t.co/FFQWipwMTE #taichi #qigong #johnhine #hinetaichischools #exercise #wellbeing #wellness #feelingbetter #strength #flexibility #balance #onlineschool #onlinecourses https://t.co/YiGuj6oESW,"Bromley, Croydon, Morden",TaiChi_Europe,0,2,2020-08-01 15:09:50
10,"Scheduling is key! Learn how to schedule for success at #WhitmoreSchool with tips from Benjamin Franklin and Pablo Picasso 🖱️ℹ️
#OnlineSchool 

Scheduling For Success Part 1: Home On the Long Range https://t.co/2vqSJsy56e https://t.co/vqNO9kXjNa","Morgantown, WV",WhitmoreSchool,0,0,2020-08-01 14:30:00
11,"Online Drums Classes Available. Dm at +917208274039

#onlineclasses #onlineschool #onlinemusicclasses #onlinemusicschool #onlinemusiclessons #onlinemusicsession #drums #drumsclasses #onlinedrumsclasses https://t.co/ZCSgprtQYh","Mumbai, India",remoFD,0,1,2020-08-01 09:17:26
12,"A gentle reminder to stay #hydrated and #healthy!

Visit https://t.co/NX7XWdVodI or call us at (888) 567-1844.

#FridayThoughts #FridayMotivation #FridayFeeling #fridayvibes #onlineeducation #onlinelearning #virtualclassroom #distanceeducation #distancelearning #onlineschool https://t.co/yzL6oRUan3","Tempe, AZ",pinnaclevhs,1,0,2020-08-01 07:47:17
13,"Our ONLY concern is childrens' Education 
We made Distance learning easier &amp; affordable for you
Learn from the comfort of your home

Logon to https://t.co/bF9vCgW8PJ
#LMS #LearningManagementSystem #OnlineEducation #OnlineSchool #technologypartner #boundlesstechnologies #Education https://t.co/yUXdAzlkxv",,thefocusschool,0,1,2020-08-01 05:48:00
14,"Let's Qurbani...
Eid-ul-Azha Mubarak to all from The Focus School. 

Logon to: https://t.co/bF9vChdKej

#BakraEid2020 #BakraEid #EidAladha2020 #LMS #OnlineEducation #OnlineSchool #OnlineTeaching #technologypartner #boundlesstechnologies #Education #Parents #Student https://t.co/jSqGevmvSX",,thefocusschool,0,0,2020-08-01 01:05:00
15,"15 workshops, 12 authors, 35000 kids! This is what happens when the team at @Littlescribe have an idea. BRILLIANT! #kidsbooks #Writers #writersfestival #OnlineClasses #writing #WritingCommunity #kidswriting #onlinelearning #onlineschool 
https://t.co/GUr4xkeTRd",Australia,DeborahAbela,0,2,2020-08-01 00:44:17
16,"With #WhitmoreSchool course materials will be provided online, so there is no need to purchase textbooks. Our students will be able to continue their school work anywhere with all their course materials in one place.
#SchoolAnytimeAnyPlace #OnlineSchool https://t.co/eIoCNZ6uxl","Morgantown, WV",WhitmoreSchool,0,0,2020-07-31 20:00:01
17,I finished setting up my Bitmoji classroom! All I did was watch a tutorial on YouTube about how to create a Bitmoji classroom. It was super easy and fun to put together! 🤗📚 #virtuallearning #onlineschool #6thgrade #books #1lisd #reading #ela #bitmojiclassroom #teachingonline https://t.co/aRufgXXruq,"Cedar Park, TX",mrsdoyle95,0,9,2020-07-31 19:56:07
18,"School Year Solutions
Designed for the Online Student and the Homeschool Family
Choose or combine solutions for 1, 2, 3, and 5 days. 
nZone is your education partner for a school year like no other.
#onlineschool
#homeschool
#fairfax #loudoun https://t.co/lFknkmL4lr","Chantilly, VA",nzoneonline,0,0,2020-07-31 18:01:54
19,"And it a wrap @traindemy thanks for having me go now to learn fashion from our traindemy classes very affordable you will see.

#onlineschool #onlinefashiontraining https://t.co/YpJjviGj04","Ikeja,Nigeria",OSCfashionsch,0,0,2020-07-31 17:32:21
20,"Happy Friday!

#explore #explorepage #tutor #tutoring #education #school #middleschool #highschool #elemntaryschool #homeschool #onlineschool #math #science #chemistry #biology #trigonometry #calculus #algebra… https://t.co/dFd0xIQngu",,giantstepsta,0,1,2020-07-31 16:44:04
21,"Now offering Academic School Support package beginning Fall 2020! Supplement virtual schooling with dedicated, tailored, coaching to support your student’s specific learning needs. More: https://t.co/wOWoI6RjIN #virtualschool #remotelearning #onlineschool #tutor #Seattletutor https://t.co/JnMrGvIOxE","Seattle, WA",HamptonTutors,0,3,2020-07-31 16:24:19
22,"Oh, hello there. This post is about schools. Let's argue! (Constructively, not viciously please).

Inner Doodles: Captain Mom's Log: Week 20: Day 137 https://t.co/gLsycbyM0Q 

#blog #blogpost #bloggers #school #onlineschool #TeacherStrong #TEACHers #Parents #COVID19 #amwriting",,audreydoodles,0,0,2020-07-31 15:14:43
23,Going to do my #pilot thing! Today’s lecture: “How do they get those gorgeous birds up in the sky!” #FridayMotivation #school #onlineschool #remotelearning #edutwitter #fridayfeeling #fridaythoughts #aviation #student #expandyourknowledge #learn #mentor #inspire #airplanes https://t.co/58Q1VTc0cl,Vancouver BC Canada ,FlightAttInst,1,2,2020-07-31 14:54:50
24,"Grades 8 Mathematics Study Guide, Worksheets, Past Papers, and Videos all available at https://t.co/JfIg0XgxHE

#Homeschool #onlinelearning #elearning #studyingfromhome #onlineschool #learningfromhome #teaching #homeschooling #studyingathome #Teachers #Educators #Teachist https://t.co/416P2qscpZ",South Africa,Teachist3,0,1,2020-07-31 14:44:04
25,"Looking for some back to school tips for online students? Check out our Blog! https://t.co/FKw4BEok6E

#GaCyberAcademy #RiseAimSoar #GeorgiaCyberAcademy #onlineschool #GeorgiaCyberChoice #TheOnlineEducationExperience",,GaCyberAcademy,1,7,2020-07-31 14:00:00
26,"This #EidAlAdha we pray that along with our sacrificed animal, Allah accept all the sacrifices we make for our children each day in an effort to make them better humans so we can look forward to a better world❤️

#EidAladha2020 #onlineschool #bayaanacademy https://t.co/ToVFd85muK","Baltimore, MD",bayaan_academy,1,0,2020-07-31 13:16:33
27,"As counties across the country gear up for an #onlineschool start, families are considering ""poding up."" Find #homeschooling families near you with MySchool. #learningpod #pandemicpod Register here: https://t.co/gt44Eny4lf","Baltimore, MD",MySchoolMyWay1,0,1,2020-07-31 11:15:14
28,"Giridih Online Classes | Class 10th | The Hundred Dresses 2 | Lesson 6 | Poem | Episode 1| English | Tapasya Gupta

Watch on YouTube: https://t.co/ZxgGqyMOjk

#BeatofLife #BeatofLifeEntertainment #BLE 
#OnlineClasses #DigitalClasses #Giridih #Jharkhand
#GiridihCity #OnlineSchool","New Delhi, Delhi",beatoflifeent,0,2,2020-07-31 11:07:31
29,"Giridih Online Classes | Class 11th | Motion In The Plane | Chapter 5 | Part-2 | Physics | Gajendra Prasad |

Watch on YouTube: https://t.co/88dRqvKeFY

#BeatofLife #BeatofLifeEntertainment #BLE 
#OnlineClasses #DigitalClasses #Giridih #Jharkhand
#GiridihCity #OnlineSchool","New Delhi, Delhi",beatoflifeent,0,3,2020-07-31 11:02:39
30,"In the 2020 annual review of its online programming, Baker College was commended by the USDLA for its commitment and passion to ensure a quality distance education program for administration, staff and students. #BakerProud #OnlineSchool https://t.co/Ae1hs1jFZz https://t.co/YXoLlU7Bmc",Michigan... and the world!,bakercollege,5,1,2020-07-31 11:00:08
31,Does anyone know a good online masters in psychology program/school? #psychology #psychologyprogram #onlinemasters #mastersprogram #onlineschool,,LILLITHAte,0,0,2020-07-31 08:44:53
32,"Read instructions from #WHO to #StaySafe

Know more about us at https://t.co/NX7XWdDNma or call us at (888) 567-1844.

#covid #coronavirus #pandemic #COVID19  #onlinelearning #onlineschool #ThursdayMotivation #ThankfulThursday #GoodThursday #ThursdayThoughts #thursdayvibes https://t.co/chA0UjKM7k","Tempe, AZ",pinnaclevhs,0,0,2020-07-31 07:46:29
33,"Real hard work brings about real results!

https://t.co/GDad9B53iH

#feedback #feedbackfriday #reviews #managementschool #onlineschool #onlinelearning #businessschool https://t.co/HdHU2mjLCz",United Kingdom,SbsSussex,0,0,2020-07-31 07:01:53
34,"#DistanceLearning is the norm for the forseeable future, but it's always our normal. I chatted with the @postrecordnews and shared some tips for educators and families new to #onlineschool. https://t.co/61tZNPPO8i","Olympia, WA",nitrojenfrancis,1,0,2020-07-31 07:00:00
35,All young people should read this short thread of texts. #NoSchool #OnlineSchool #Covid #TheBestIsYetToCome #FlagsOut #Plandemic @realDonaldTrump #Summer #Movies #Music #Teachers #Education #Veterans https://t.co/Yl4tmqmvWs,,DefinePopcorn,2,3,2020-07-31 06:39:05
36,"How to Choose the Right Architecture School for Yourself

https://t.co/c35iuksDg2

#SchoolDesign #Architecture #SchoolLayout #ProgramOfferings #ProgramDesign #School #Onlineschool #designbuzz #drprem #drpremnetwork",Worldwide,networkdrprem,5,2,2020-07-31 05:49:34
37,"Thanks to @Concentrix @MindsatPlay @Cargill #Sahil #Rhea #Rijul for supporting our #onlineschool by #Volunteering  with our Young Petals.

#Covid19 #Coronavirus #stayhome #staysafe #HelpUsHelpThem #ForEveryChild https://t.co/HYZEarkYzf",Gurgaon,LotusPetal4all,1,1,2020-07-31 05:36:46
38,And guess what?! Doubling the teaching load of faculty is not going to help the people trying to balance work with raising children (who seem to be spending a bit of time at home).  #Diversity #MyAdministratorsAreOldWhiteGuys #NoCamps #OnlineSchool #MayBeDoomed #FeelingDoomed https://t.co/jsNEoaZ0kd,"Oxford, OH",BooneAmphibLab,0,4,2020-07-31 03:45:33
39,"Finishing your high school diploma as a new or expecting Young Parent with #Citizens allows you to learn parenting and child development skills while you study! 

Learn Today: https://t.co/M98CUGgQWR

#YoungParents #HighSchool #OnlineSchool https://t.co/EH4tQULccp","Fleming Island, FL",CitizensHS,0,1,2020-07-31 03:01:15
40,What my students saw today! #onlineschool https://t.co/JnKZRG8fIb,"BHC AZ, but the D originally",DetroitDrex,1,17,2020-07-30 23:33:55
41,@Hotmonga @JakeSherman #Teachers should not HAVE to walk away to be safe.  A K-12 teacher is a college educated professional. They should have safe workplaces.  Kids that are too little to do #onlineschool should do yearround school next year . #Parents who stay home should get compensation. #Covid,D.C. Metro Area,CeceSpitznas,0,2,2020-07-30 21:26:30
42,"Use the only fully #secured and #trusted #videocall platform, #MERCURY powered by @SecuredComm.  
https://t.co/pYRJMMoHgM #onlineschool #securedvideo #universities @GravityPR4 @WellsHaslem @ZDNet 
https://t.co/EtF3lTfSeo.","SFO, DC, RNO, SYD, LDN, TOR",SecuredComm,4,2,2020-07-30 18:35:22
43,"Whether you're returning to school in-person or online, we are always here to assist you achieve your academic goals. Visit our website for more information: https://t.co/Vz7CJRmSzo

#education #onlineschool #tutor https://t.co/AOwkHWZ0Da",,inc_miles,0,1,2020-07-30 18:07:00
44,"I love that every time an administrator goes to present something on BlackBoard they’re like, “Just like you, I’m new to this.” #edtech #onlineschool #teacherproblems",Arizona,nbrasch,0,0,2020-07-30 17:41:57
45,"That back to school look! 
We are SO ready to have our Champions 🦉 back on August 3rd! 🥳
What are you most looking forward to this year?

#GaCyberAcademy #RiseAimSoar #GeorgiaCyberAcademy #onlineschool https://t.co/KUVseGZmIQ",,GaCyberAcademy,1,11,2020-07-30 17:34:00
46,"Interested in learning a new language?
Welcome to Distant Language, an online international language school.
Grand Opening is on August 21st.
#distantlanguage #learnanewlanguage #onlineschool #spanish #english #german #portuguese #homeschooling #adultcourses #tutoring https://t.co/GREQ1jgvsr","San Antonio, TX",DistantLanguage,0,0,2020-07-30 17:32:25
47,"We are seriously considering and leaning towards this option, especially if @CCSD_edu can't bring to the table a program as robust and thoughtful as this one. I have spent a lot of time already on this website!! #OnlineClasses #Onlineclass #onlineschool #calgary #yyc #ab #alberta https://t.co/2N0Wfz3b8O","Calgary, Alberta",CowtwnLlamaMama,0,1,2020-07-30 17:12:25
48,"'Life Meeting Life'  

Participants of a recent Maui training meeting the rising sun at the top of Haleakalā with 'Flying' — a movement meditation which deepens our relationship with The Body Consciousness.

Find out more: https://t.co/CACtDtAPWF

#LomiLomiMassage #OnlineSchool https://t.co/dxYHO2jMVs","Hawaii, USA",LomiTrainings,0,0,2020-07-30 17:01:01
49,"Introduction to Blender 3D Software.
In this course, students will learn how to create 3D graphics and animation for games.
Enroll today: https://t.co/bISaeDA4In
#codingforkids #condingclasses #onlineschool #onlinecourses #onlineclasses #miami
#aventura #southflorida #coding https://t.co/PmqKZrXrQC",Miami,hackers_college,1,0,2020-07-30 15:18:37
50,"Arizona Connections Academy mom Janel H. discusses her journey to online school 🧡 https://t.co/G7BmLR0KKT

Via @sahuaritasun 

#ConnectionsAcademy #OnlineSchool",,ConnectionsAcad,1,1,2020-07-30 15:00:59
51,#montessori #montessoriathome #homeschool #elementaryteacher #usa #education #art #math #science #history #geography #onlineschool @ New Jersey U.S.A https://t.co/DLJx9vGPGf,"Baramati, India",ZedEych,0,1,2020-07-30 15:00:01
52,"If you're new to online school this year, you might be wondering how PE works. here are a few ideas to give you some insight. #ConnectionsAcademy #OnlineSchool #BackToSchool https://t.co/z4RC2tHdmd",,ConnectionsAcad,4,7,2020-07-30 15:00:00
53,"Education needs to flow seamlessly and continuously for growth. Remote education services allow for easy transitions between schoolwork and the virtual learning space.
https://t.co/xZ0JhbPGuw

#virtualclassroom #onlineschool https://t.co/rvwW1tKixA","Long Island, NY",TurningPointHCM,0,0,2020-07-30 14:46:03
54,"Today we start..Flight Attendant
101!  Let’s go!  ✈️ #ThursdayThoughts. #thursdaymotivation #thursdayvibes #onlineschool #remotelearning #aviation #groundschool #flightattendant @ctourismcollege #teacher #learn #thursday #edutwitter https://t.co/1KBQr8sTWm",Vancouver BC Canada ,FlightAttInst,1,2,2020-07-30 14:29:18
55,$AEPT was at .0039 3 days ago why not but .0026 today? This is loading zone #schoolsreopening #onlineclasses this is the best #OTC #onlineschool play https://t.co/N0s7FDssCS,NYSE,ClairvoyantINVT,0,1,2020-07-30 14:23:52
56,$AEPT .0026 loading zone this play is gone be big!! #onlinelearning #onlineschool this has the potential to run to .05 with more deals coming https://t.co/fMk4EEMzL2,NYSE,ClairvoyantINVT,0,1,2020-07-30 14:18:43
57,"Teachers are being put between a rock and a hard place. As stewards of our collective future, why are we not prioritizing their wellness and giving them the right tools for success? #teachers #education #homeschooling #onlineschool #unschooling #COVID19 https://t.co/QZUoBqqAbi",,thebinaschool,0,0,2020-07-30 14:04:47
58,Don't forget our Virtual Student Orientation next week! The links to the sessions were sent to you in your Remind account. #universityviewacademy #onlineschool #virtualorientaiton https://t.co/9i6Od9byFW,"Louisiana, USA",UvaLynx,0,0,2020-07-30 13:39:40
59,"ON THE PODCAST: Berit Gordon talks about her early days of teaching, teacher burnout, the learning curve of Zoom, and how, no matter what back-to-school looks like, we do still need strategies. https://t.co/VXoyP3W9TE 
@beritgordon #remoteteaching #pandemicteaching #onlineschool","Portsmouth, New Hampshire, USA",HeinemannPub,1,4,2020-07-30 12:50:07
60,"It's time for Online Graduation! 😅🎓
Visit our Online Store at https://t.co/8T8KENOW5b
.
#onlinegraduation
#onlinegraduatedegree
#onlinegraduation2020 #onlineconvocation #graduationday #graduationmemes #onlineclasses #onlineclass #onlineschool #onlineschoolmemes #meraconvocation https://t.co/wOshE5yepC",,ConvocationMera,0,0,2020-07-30 12:28:59
61,"Tag your #friends to let them know you love them!
Happy #InternationalDayOfFriendship.

Visit https://t.co/NX7XWdDNma or call us at (888) 567-1844.

#onlineeducation #onlinelearning #onlineschool #ThursdayMotivation #ThankfulThursday #GoodThursday #ThursdayThoughts #thursdayvibes https://t.co/3qE8RQojVK","Tempe, AZ",pinnaclevhs,0,0,2020-07-30 11:51:43
62,"Deep diving and deep reading 

#onlineschool  #commotionintheocean https://t.co/v1B46DnVsl",Bangalore,deepas345,0,0,2020-07-30 10:48:43
63,Read our latest blog post - Schoolwork during lockdown https://t.co/uys7ifKNSd #schoolwork #pademic #covid19 #school #homework #lockdown #education #schoolinlockdown #onlineschool #assessments #teachers #educators #students #blogs #SeekTeachers #SeekTeachersBlogs #educationin2020,"London, UK",SeekTeachers,0,1,2020-07-30 10:08:07
64,"Backbechers On Online classes Vs Offline classes - Data Limit | DhruwA

#Onlineclasses #funnyonlineclasses #onlineeducation #funnymemes #backbenchers😎 #hindivines #collegelife #schoollife #onlineschool #Indianmemes… https://t.co/xDyIcMcSvs",,dhruwaaa,0,2,2020-07-30 09:50:57
65,Preparing for full-time #onlineschool in the fall? I've seen the #flippedclassroom model work particularly well in an online environment. #virtualschool #distancelearning,,DrRichardSavage,1,0,2020-07-30 07:00:00
66,"Giridih Online Classes | Class 12th | Inverse Trigonometric Function | Chapter 2 | Unit 2 | Part -1 | Mathematics |

Watch on YouTube: https://t.co/QAUvK5oYmA

#BeatofLife #BeatofLifeEntertainment #BLE 
#OnlineClasses #DigitalClasses #Giridih #Jharkhand
#GiridihCity #OnlineSchool","New Delhi, Delhi",beatoflifeent,0,1,2020-07-30 06:38:52
67,"Giridih Online Classes | Class 12th | Primary Activities | Chapter 5 | Episode 2| Geography | Digvijay Krishna |

Watch on YouTube: https://t.co/lbjVorNwdJ

#BeatofLife #BeatofLifeEntertainment #BLE 
#OnlineClasses #DigitalClasses #Giridih #Jharkhand
#GiridihCity #OnlineSchool","New Delhi, Delhi",beatoflifeent,0,1,2020-07-30 06:32:07
68,"Giridih Online Classes | Class 10th | Carbon and its Compounds | Chapter 4 | Part 2| Chemistry | Binod Kumar Barnwal |

Watch on YouTube: https://t.co/vQBBpIbNHH

#BeatofLife #BeatofLifeEntertainment 
#OnlineClasses #DigitalClasses #Giridih #Jharkhand
#GiridihCity #OnlineSchool","New Delhi, Delhi",beatoflifeent,0,0,2020-07-30 06:21:03
69,"Giridih Online Classes | Class 10th | Reflection Of Light | Chapter 4 | Episode 2 | Physics | S K Mitra |

Watch on YouTube: https://t.co/Gup0gK2Op0

#BeatofLife #BeatofLifeEntertainment #BLE 
#OnlineClasses #DigitalClasses #Giridih #Jharkhand
#GiridihCity #OnlineSchool","New Delhi, Delhi",beatoflifeent,0,1,2020-07-30 06:10:09
70,"The July month was celebrated as Information Technology month. Our Young Petals, staying at home took part in various activities through our #onlineschool. Computer devices model making, codeathon competition, quizzes, debates, and poems were the activities.

#DigitalEducation https://t.co/6x0otNOetN",Gurgaon,LotusPetal4all,0,1,2020-07-30 05:34:40
71,"When every student scores 20 on 20 in online tests, it means the questions are too google-friendly! IMHO, simple keyword and numeral changes will also make it difficult for the googlers. Any opinions?
#onlineschool #onlinelearning #schoolsreopening",,VaniMahesh1,0,2,2020-07-30 04:49:56
72,"@LBopenbook @MusicShep @Julesymaria Thanks, Laura. I am so grateful for this opportunity to be learning with you &amp; many educators around the world #ISSEdu #onlineschool",Cambodia ,leticarino,0,3,2020-07-30 04:46:20
73,"Is it just me or do yall also do this for literally every class group yall are added to?
#school #onlineschool #WhatsApp https://t.co/HdpyGMptEZ",,Faraz_lantra,0,2,2020-07-30 04:36:12
74,"Enroll: https://t.co/xNPcLlrUAj
.
#Homeschool #Homeschooling #homeschoolers #schoolchoice #Onlineschool #Onlineclass #OnlineClasses  #Fall2020 #BacktoSchool #BacktoSchool2020 #virtuallearning #privateschools #Teachers #classroom  #Covid19 #Coronavirus #Class #iPad #chromebooks https://t.co/231G3AsCj4",http://bit.ly/OneNoteDepo_Note,ProfBlackmore,0,0,2020-07-30 03:52:11
75,"Enroll: https://t.co/z8DBvRKDJY
.
#Homeschool #Homeschooling #homeschoolers #schoolchoice #Onlineschool #Onlineclass #OnlineClasses  #Fall2020 #BacktoSchool #BacktoSchool2020 #virtuallearning #privateschools #Teachers #classroom  #Covid19 #Coronavirus #Class #iPad #chromebooks https://t.co/kJgWY5q0yR",bit.ly/OneNoteDepo_Notebook,CyberCiety,0,0,2020-07-30 03:51:05
76,"Crying for like 6 hours yesterday just because i am being so done with online school

I HATE ONLINE SCHOOL

#onlineschool #sekolahonline #sistemdaring",Indonesia,Jombloketembrio,0,0,2020-07-30 03:14:19
77,"#OnlineSchool is returning this fall, and parents are dreading it. Should #schools and #HigherEd inst. permanently shift to a #hybrid model of #learning? @PramathSinha how do you envisage the future of learning?   https://t.co/Zywaoumpt7 via @WSJ",New Delhi,rneelmani,0,0,2020-07-30 03:09:20
78,"Online school isn't just you and a computer screen! Take courses with your friends and create your own little classroom at home. 

#OnlineSchool #HighSchool https://t.co/zLRyzu5xTN","Fleming Island, FL",CitizensHS,0,1,2020-07-30 02:28:17
79,"#kids can easily learn letters and words by watching the video below.

This is a wonderful way to teach letters and words that will build them up positively. This is for B. 

#edtech #education #nursery #primary #highschool #onlineschool #schools #Naija https://t.co/YPmjEiDzUB",,Uupacademy,0,0,2020-07-30 00:47:09
80,"#kids can easily learn letters and words by watching the video below. This is a wonderful way to teach letters and words dat will build them positively. This #Video is for B. 

#edtech #education #nursery #primary #highschool #onlineschool #schools #Naija https://t.co/HmboCETYUt",,Uupacademy,0,0,2020-07-30 00:46:07
81,Student council is hard at work putting together ideas for the upcoming school year and interviewing new freshman!! #School #SETech #Stuco #TECHtogether #TECHfamily #Onlineschool #Interviews #Freshman https://t.co/9jFAj1hcf3,"Las Vegas, Nevada",SETechStuCo,1,4,2020-07-29 21:43:33
82,"With #WhitmoreSchool students will be able to work at their own pace to master each topic in a positive learning environment! Learn why students and parents love Whitmore School's flexible program here ➡️ https://t.co/zIywVkfvLs
#OnlineSchool #SchoolAnytimeAnyPlace https://t.co/cB1TwTzQt0","Morgantown, WV",WhitmoreSchool,0,0,2020-07-29 20:48:00
83,(1/3)Preparing for your child's future can be confusing sometimes. Have you ever talked to your kids about their interest? 🤖This is an important part of helping to future-proof your child! #futureproof #kidsfuture #childsinterest  #onlineschool #distancelearning2020 https://t.co/EHk3ZadHB4,"Houston, TX - International",idealabkids,0,0,2020-07-29 20:25:22
84,"AHS Students, Don't give up! Continue to work hard. We are here to help you! We want you to succeed. Let us help you. Call 866-306-0247 for any support you need!

#ahsstudents #onlineschool #studentsupport #homeschool #onlineteachers",Worldwide,Americanvhs,0,0,2020-07-29 20:10:00
85,"FREE DOWNLOAD: A Guide to #Homeschooling for 2020-2021 School Year. Download this free guide on homeschooling now!

https://t.co/PqbSVvuN48

#parentingtips #parenting #onlineschool #homeschool #homeschoollife https://t.co/NFKX2uSUUR","Orlando, FL",nickjroymba,0,1,2020-07-29 18:42:47
86,"Do you believe that the government of Ontario should take a more central role in delivering online education, to support the efforts made by teachers?

#onlinelearning #onlineschool #onteducation #ontpoli #ontteachers #ontgov https://t.co/1Q8QhI0S1s",,campaignre,0,2,2020-07-29 17:45:12
87,"This year back to school feels more stressful than before, both for parents and students. Our experts have a few tips to help your children handle stress. #ConnectionsAcademy #BackToSchool #OnlineSchool

https://t.co/l0rK38yv5o",,ConnectionsAcad,5,14,2020-07-29 16:00:00
88,"#FunFacts
Bringing interesting facts from all the domains!

Visit https://t.co/NX7XWdDNma or call us at (888)567-1844.

#geography #facts #onlineeducation #onlinelearning #onlineschool #distancelearning #onlineclasses #WednesdayWisdom #WednesdayMotivation #WednesdayThoughts https://t.co/F6BSsU6xvy","Tempe, AZ",pinnaclevhs,0,0,2020-07-29 15:56:35
89,I need some advice about #onlinelearning #onlineschool,"Florida, USA",EASMOKES_,0,0,2020-07-29 15:30:32
90,Today’s lecture and certification.  Going to stress the word “kindness.”  We just don’t  learn about #aviation it’s #lifeskills too.  #wednesdaymorning #wednesdaywisdom #wednesdaymotivation #onlineschool #remotelearning #learn #bekind #helpothers #aviation #travel #edutwitter https://t.co/KvU0eGL6im,Vancouver BC Canada ,FlightAttInst,0,0,2020-07-29 15:14:47
91,"Metacognition - Learn how to make the child self-reliant and independent to better their e-learning experience | @IntelIndia

#OnlineLearning #Education #ELearning #DistanceLearning #OnlineSchool #OnlineCourses #StudyAtHome #EdTech #LearningAtHome

https://t.co/ay8VAxyrKk",New Delhi,timesofindia,3,17,2020-07-29 13:49:15
92,"Teachist app now available on the android App Store. 

#Homeschool #onlinelearning #e-learning #elearning #studyingfromhome #onlineschool #learningfromhome #teaching #homeschooling #studyingathome #Teachers #Educators #Teachist https://t.co/9kYl5QRE87",South Africa,Teachist3,0,0,2020-07-29 13:39:36
93,"Teachist App your free solution to accessing online learning get it on google play store now.

#Homeschool #onlinelearning #e-learning #elearning #studyingfromhome #onlineschool #learningfromhome #teaching #homeschooling #studyingathome #Teachers #Educators #Teachist https://t.co/gvukQJWgA2",South Africa,Teachist3,0,0,2020-07-29 13:38:11
94,"Philly public schools will stay all online at least until November listen to what some students had to say. 

#youthvoices #youthprotest #onlineclasses #childsupport #onlineschool #Virtuallearning #phillyschools #phillyyouth #phillyvoices #reviveradio #livestreaming #revivemedia https://t.co/LZsYcuXP8a",In God's Hand's ,Revive_POC,0,0,2020-07-29 13:19:16
95,"Philly public schools will stay all online at least until November listen to what some students had to say. 

#youthvoices #youthprotest #onlineclasses #childsupport #onlineschool #Virtuallearning #phillyschools #phillyyouth #phillyvoices #reviveradio #livestreaming #revivemedia https://t.co/TuR700oPyb",In God's Hand's ,Revive_POC,0,0,2020-07-29 13:11:30
96,"Join us later today for another informative discussion as our guest talks about 𝕯𝖊𝖆𝖑𝖎𝖓𝖌 𝖜𝖎𝖙𝖍 𝕻𝖆𝖎𝖓 on our  Facebook page. Don't miss it!
#painmanagement #facebooklive #parenting #parentingtips #onlineschool… https://t.co/DgrWtDNSG4","Ijebu Ode, Ogun State.",ckaintl,0,1,2020-07-29 11:22:53
97,Looking forward to take a #deepdive into #VirtualLearning for #musiced #arted &amp; #physed? Join @MusicShep @Julesymaria and myself in a week @ISSCommunity #HPEathome #onlineschool #ISSEdu https://t.co/DXDVYSBwh0,Cambodia ,leticarino,1,5,2020-07-29 09:10:12
98,"Hello 🙌

With Online Classes taking a toll on students and parents during this pandemic, I tried to create a minimal Black Board Concept where students and teachers can meet.
#dribbble @dribbble #onlineclass #onlineschool

https://t.co/QVkUemQD5k","Chennai, Tamil Nadu",nijinvinod,3,17,2020-07-29 07:36:38
99,"#TuesdayPoll
Let us know in the comments below.

Visit https://t.co/NX7XWdVodI or contact us at (888) 567-1844.

#COVID #COVID19 #pandemic #staysafe #learning #education #onlinelearning #onlineschool #tuesdayvibes #tuesdaythoughts #tuesdaymotivation #triviatuesday https://t.co/zI97hs6evV","Tempe, AZ",pinnaclevhs,0,0,2020-07-29 07:07:23
100,"Here is an excellent article (by TOI pc paathshala) on how to leverage the flexibility of online classes. 

Please share your thoughts about it. 

https://t.co/GwiQIHoBDn

#onlineclasses #onlinelearningplatform #onlinecourse #elearning #onlineeducation #onlineschool","Jaipur, Rajasthan",OneSSys_EdTech,0,0,2020-07-29 06:20:22
101,"Dont pay extra when you can gain international standard education online at IdeaGist- Smart Start Online School.

For details visit https://t.co/OLXw7FQA1k

#online #onlineschool #onlineteaching #onlineclasses #digitalage… https://t.co/DbnX8FMASL",ISB,UNE_Group,0,0,2020-07-29 05:49:03
102,"@LotusPetal4all is celebrating #virtual #Independenceday on 15th August 2020 at 8 AM with our donors, supporters &amp; well-wishers. Register Now, only Limited Seats available:

https://t.co/AWzzn4MJXq

#Independenceday2020 #onlineschool  #DigitalLearning https://t.co/BtsNozSHNW",Gurgaon,LotusPetal4all,0,0,2020-07-29 05:30:46
103,#OnlineSchool what’s the best online school program for teen moms?,,Kaylee93063854,0,0,2020-07-29 02:14:07
104,"Online school will save us money by reducing school maintenance, air conditioning, heating, electricity - so we can pay teachers more and reduce our property taxes. #LowerPropertyTaxes #OnlineSchool saves us money.","Fort Worth, TX",sobanosart,0,0,2020-07-29 02:10:56
105,"#Onlineschool at the #Rasool..! Our elder #QiyamahAbdullah aka #SufiBey is providing high level education in the basics #Reading, #Writing, #Math, #Science, and of course #Arabic and #Wolof languages. https://t.co/XKuu1xZZSq",Philadelphia,MagiSufiEl,0,0,2020-07-29 00:47:13
106,"Missed our teaching forums last week? Check out the recordings here: https://t.co/iqU5Cbummh

#PitzerNow #Pitzer #onlineschool","Claremont, California",pzsenate,0,0,2020-07-29 00:46:09
107,"Today’s featured class is our Beer &amp; Wine class! Tag a friend that you’d like to take this class with.
#beer #wine #alcohol #highereducation #dlsii #onlineschool #education https://t.co/OX8Qb1pKy9",Indiana,DLSII,0,1,2020-07-28 21:00:55
108,"Interested in learning more about online school at Laurel Springs? Register below for our next Virtual Open House on Thursday, August 6th at 1pm ET | 10am PT!
https://t.co/hmREp3DYD3

#OnlineLearning #OnlineSchool #VirtualLearning #VirtualSchool #OnlineCourses #OnlineClasses https://t.co/IJbpVltzoe","Ojai, CA",LaurelSprings,2,1,2020-07-28 20:39:00
109,Ok! Tell me your virtual/distance/digital learning SUCCESSES! Wanting to make a big list of the right things to do! #teachertwitter @MurphysMarvels @miss_fry3 #distancelearning #DigitalLearning #virtuallearning #onlineschool,"Kansas City, MO",mrspierce_1st,2,5,2020-07-28 18:47:52
110,"Worried about online learning in the coming school year? We’re here to be a resource. We know this may be a very different back to school for many parents, so we have some tips to help. #ConnectionsAcademy #BackToSchool #OnlineSchool

https://t.co/w0hmgGSAIa",,ConnectionsAcad,5,9,2020-07-28 18:00:00
111,Anyone in #calgary #yyc have insight into the “online school” that CCSD is working on for September? More info is to come in August but I’m more than a little anxious about schools reopening. #alberta #schools #schoolsreopening #noPlan #OnlineClasses #onlineschool #onlinelearning,"Calgary, Alberta",CowtwnLlamaMama,0,1,2020-07-28 17:50:20
112,Why Didn't I Think of That! https://t.co/c0aVKI7ibZ #toomanypasswords #Reallife #issues #problemsolved #female #Entrepreneur #SmallBusiness #helpingothers #usernames #codes #Security #pins #Banking #shopping #onlineschool #anything #online #requiring #passwords #GameChanger https://t.co/NXXC00hiDa,,PasswordsFast,0,0,2020-07-28 17:43:44
113,"For many families, the upcoming school year will mark the transition to #OnlineSchool. We tapped into our #parent #community at LSS &amp; asked them to give their advice about how to effectively handle the transition to online learning:

https://t.co/aNC1DHOyjl https://t.co/YPNY9wbBv3","Ojai, CA",LaurelSprings,2,2,2020-07-28 17:03:00
114,2020 online learning successes-  Course coming soon to share our tips and tricks for distance learning! #distancelearning #onlineschool https://t.co/OxWbkTbSnI,,onlineschoolmom,0,0,2020-07-28 16:27:27
115,"Check out https://t.co/PRAHzgNlFd for your online classes and vacation classes! 
#DigitalLearning #onlineschool #ghana #Accra https://t.co/eeKm9IzvpM",,schooldey,0,0,2020-07-28 16:26:26
116,Thanks @AlexisLive5 for having me on to talk about #onlineschool options for students in #SouthCarolina https://t.co/KiFdRPyjTI,,josh_kitchens,1,4,2020-07-28 16:23:00
117,"Did you hear? Until August 16th, you can buy 240 credits for half of the price!
 Hurry up and enroll now: https://t.co/bISaeDA4In

#codingforkids #condingclasses #onlineschool #onlinecourses #onlineclasses #miami
#aventura #southflorida #codingforteens #kidsknow https://t.co/R0nqsWfQcb",Miami,hackers_college,0,0,2020-07-28 15:53:51
118,"EARS UP working parents! Firat Education's Mike Munier discusses options for you and your busy family when schools go online! Check out his Fox 26 LIVE segment!
#onlineschool #workingparents #virtuallearning 
https://t.co/T9eoR83DQ8","Houston, TX & more",firateducation,0,1,2020-07-28 15:19:56
119,"#ahsstudents We know it is sometimes hard to find motivation to complete your school work. Take a break and head to the Lounge https://t.co/UWx8Wn89Dz join a club or chat with other students. We all need a break!

#onlinelearning #onlineschool #Onlinehighschool",Worldwide,Americanvhs,0,0,2020-07-28 15:13:34
120,"#WorldHepatitisDay
Let us find the Missing Millions by spreading awareness on #Hepatitis

Visit https://t.co/NX7XWdVodI or call us at (888) 567-1844.

#learning #education #knowledge #onlineeducation #onlinelearning #onlineschool #tuesdayvibes #tuesdaythoughts #tuesdaymotivation https://t.co/cIE1Vp6RoP","Tempe, AZ",pinnaclevhs,0,0,2020-07-28 14:47:03
121,"My school gave us a task for making a video how to kick a ball in three types of way so I did it as like a unregistered hypercam edit lol.
#onlineschool",,L0yal3,0,0,2020-07-28 14:33:39
122,"Story title - My Special Hair.
A story on self-love and uniqueness.
#myspecialhair #bookdash #preschool #kindergarten #lockdown #elearning #onlineschool #summerschool #teachersnetwork https://t.co/xw5zPj579C","Orile Iganmu,Lagos",AgbonogaF,0,1,2020-07-28 13:38:29
123,"UNHS provides students the flexibility to complete courses at their own pace, at any time of the day, anywhere around the world! For more information visit: https://t.co/wwnOFkhz1X

#SuccessWithUNHS #OnlineSchool https://t.co/un7irdIFMn","Lincoln, NE",UNHSchool,1,1,2020-07-28 13:07:28
124,"Don’t wait for data to fall! Get #uncappedfibre from just R554pm! #Getconnected here https://t.co/SeJg4yOQRx

#datamustfall
#datahasfallen
#internet
#4IR
#onlineschool
#education
#smallbusiness
#entrepreneur 
#staysafe
#stayonline
#stayhome
#coronavirus
#covid19sa https://t.co/WTrCDaKF2G",South Africa,FibreBoyz,0,0,2020-07-28 13:04:45
125,"We're hosting our next #VirtualOpenHouse Wednesday, July 29, 2020 at 2:00pm. Registration can be accessed on the landing page of our website. We hope to see you there! 🖱️💻
#WhitmoreSchool #OnlineSchool https://t.co/vZgSyhd6jN","Morgantown, WV",WhitmoreSchool,0,0,2020-07-28 12:00:00
126,"Ryzen 3 Desktop PC now available for straight cash payment and rent to own. Best for processing large files for work and mid-high level gaming.  Pm us for inquiries!

#ryzen3 #ryzen3desktop #ryzenpc #renttoown #workfromhome #gamingpc #onlineschool #homebasedwork https://t.co/ALsxZRze6t",,IrentMo,0,0,2020-07-28 10:30:41
127,"Enjoy the feeling of #uncapped fibre from just R554pm! Check feasibility for your home and #getconnected on our website https://t.co/72tyJY2LnZ or DM us for details!

#fixedlte
#uncappedfibre
#internet
#internetlife
#instagood 
#onlineschool
#smallbusiness
#workfromhome https://t.co/uzFDBfaxKw","Durban, South Africa",ssslegit,0,0,2020-07-28 09:34:12
128,"Giridih Online Classes | Class 11th | The Empire Of Nomadic Mongols | Chapter-5 | Part 01 | History | Vimla kumari

Watch on YouTube: https://t.co/BFbxaCza4f

#BeatofLife #BeatofLifeEntertainment #BLE 
#OnlineClasses #DigitalClasses #Giridih #Jharkhand
#GiridihCity #OnlineSchool","New Delhi, Delhi",beatoflifeent,0,1,2020-07-28 09:06:16
129,"Hello high schoolers,

COVID-19 is real. Stay home and master Probability and other maths topics on https://t.co/cW1u9IPJaB for free.

#learnanywhere #adesuaonline #virtuallearning #freeshs #highschool #ghana #onlineschool #WASSCE https://t.co/et1WMWsvlb",Ghana,adesuaonline1,0,0,2020-07-28 09:06:11
130,"Giridih Online Classes | Class 09th | Drainage Of India | Chapter-3 | Part 2| Geography | V K Pathak

Watch on YouTube: https://t.co/RQslysm9fB

#BeatofLife #BeatofLifeEntertainment #BLE 
#OnlineClasses #DigitalClasses #Giridih #Jharkhand
#GiridihCity #OnlineSchool","New Delhi, Delhi",beatoflifeent,0,2,2020-07-28 09:01:08
131,"If you wanted to get a higher grade and make up classes. Join our online lessons. It isn't too late to register 
#education #highschool #learning #onlineschool #remotelearning https://t.co/yQzrhbg1Wr","Johannesburg, South Africa ",lebabacom1,0,0,2020-07-28 08:22:33
132,"Giridih Online Classes | Class 12th | Goodwill  Nature and Valuation | Chapter3 | Part 1 | Accountancy | Dayanand Kumar

Watch on YouTube: https://t.co/7RmGzt38Oy

#BeatofLife #BeatofLifeEntertainment #OnlineClasses #DigitalClasses #Giridih #Jharkhand #GiridihCity #OnlineSchool","New Delhi, Delhi",beatoflifeent,0,1,2020-07-28 07:56:04
133,"Giridih Online Classes | Class 10th | The Hundred Dresses – I | Chapter-2 | Episode 1 | English | Tapasya Gupta

Watch on YouTube: https://t.co/78EgtXvsP5

#BeatofLife #BeatofLifeEntertainment #BLE 
#OnlineClasses #DigitalClasses #Giridih #Jharkhand
#GiridihCity #OnlineSchool","New Delhi, Delhi",beatoflifeent,0,1,2020-07-28 07:40:09
134,#Onlineschool is a big transition for many teachers and students. The good news for those new to #virtualschool: we've consistently seen student/teacher relationships flourish in the online environment with more opportunity for one-on-one interaction.,,DrRichardSavage,0,3,2020-07-28 07:00:00
135,"#MondayAdvice
Let's commit to making a difference in everything we do.

Visit https://t.co/NX7XWdDNma or call us at (888) 567-1844.

#onlineeducation #onlinelearning #onlineschool #onlineteaching #onlinetutoring #mondaythoughts #MondayMood #MondayVibes #Motivation #PositiveVibes https://t.co/0unF1uXils","Tempe, AZ",pinnaclevhs,0,1,2020-07-28 06:17:48
136,"DM for more information.

#musicclass #musicschool #onlineclasses #onlineschool #guitarclasses #keyboardclasses #drumclasses #pianoclasses https://t.co/62Zp24EcmR","Mumbai, India",remoFD,0,0,2020-07-28 04:20:09
137,"#erp #schoolerpsoftware #onlineschoolmanagementsoftware #schoolmanagementsoftware #schoolsoftware #schoolmanagement #school #NIFTYSIS #erp #schoolerpsoftware #schoolmangmentsoftware #school #onlineschool
Visit our website to know more:https://t.co/panGr4VYhO https://t.co/7v3n0BF5vq",WorldWide,Niftysol,0,0,2020-07-28 04:04:33
138,"@Sflecce How are you going to protect my daughter who has an autoimmune disease?  You can’t!  If she were to catch C-19 at school, I will have to take her to the hospital, with her to make sure she doesn’t go into DKA, stress out and not able to work.  #keepherhome #onlineschool",Toronto,Supershmanc,0,4,2020-07-27 23:35:49
139,"This is a simple approach to learning Mathematics. The topic is for all classes of students. Click, watch and subscribe to our channel,

https://t.co/RAY8BRclZT
#waec #SchoolReopening #mathematics #onlineclasses #onlineschool #e-learning #e mathematics", Nigeria,mikeenebe,1,0,2020-07-27 23:04:42
140,"$LRN update.

#onlineSchool talk is 🔥
just ask any parents 

#LancelotPro28 https://t.co/Eu2qwb10St","San Diego, California",commandenteSD,0,2,2020-07-27 22:44:40
141,"Even if your district has decided to head back to school, as parents, you have a choice. If you are worried about your child attending school next month, AHS is a fantastic option. Your children will not miss a step!

Over 20 year experience in online education!

#onlineschool",Worldwide,Americanvhs,0,0,2020-07-27 21:38:02
142,"Looking for the perfect #courses to fill your schedule for the new school year? Explore our 2020-21 Course Catalog to discover all of the options available to you: 
https://t.co/QNVlwn6dwT

Contact us today at (800) 377-5890 to get started!

#OnlineCourses #OnlineSchool https://t.co/ictZywkiv1","Ojai, CA",LaurelSprings,2,2,2020-07-27 20:28:00
143,@GrownandFlown has some great tips on how to help your teen with their online learning. https://t.co/EiKAZEQ0CF  @efmc_3  #grownandflown #efmccc #efmc3 #maryharkins #collegecounseling #collegeconsulting #onlineschool #covidschooling,"Spring House, PA",efmc_3,0,0,2020-07-27 19:20:29
144,"@GovRonDeSantis @FLSheriffs #DeathSantis has issued a DEATH SENTENCE on our families!

Fund #OnlineSchool and the resources needed for every child in #FLORIDA!!! #BackToSchoolSafelyOnline 
#TurnFloridaBlue #DeSantisLiesFloridiansDie","Key Largo, FL",KeysViews,0,1,2020-07-27 19:09:37
145,"Another Monday, another meme!

#explore #explorepage #tutor #tutoring #education #school #middleschool #highschool #elemntaryschool #homeschool #onlineschool #math #science #chemistry #biology #trigonometry #calculus… https://t.co/XSlYbRPhN3",,giantstepsta,0,1,2020-07-27 18:25:48
146,"What are the top 5, Back To School Trends for 2020? Read more: https://t.co/kUYYeeNPuy #Trending #School #BackToSchool #SchoolOpenings #Schools #BackToSchoolSale #Backpacks #WorkFromHome #RemoteLearning #Remote #OnlineLearning #OnlineSchool #BackToSchool2020 #Trends #2020Trends","Portland, Oregon",askHMS,0,0,2020-07-27 17:27:01
147,"Whether new to #OnlineSchool or a longtime #ConnectionsAcademy family, you likely have a space for your child to learn and study. But is it optimal for the way they learn? Here are some ideas to mix it up in time for #BackToSchool  -  https://t.co/eyzpqdplpM",,ConnectionsAcad,3,10,2020-07-27 17:00:00
148,"Students, how's your summer going? Drop an emoji and let us know 👇 

#onlineeducation #onlineschool #artistotleanddante #aristotleanddantediscoverthesecretsoftheuniverse #summerreading #bookquotes https://t.co/8KniSs51xy",,DwightGlobal,0,0,2020-07-27 15:35:21
149,"Enjoy the feeling of #uncapped fibre from just R554pm! Check feasibility for your home and #getconnected on our website https://t.co/gsLZIBXAHz or DM us for details!

#fixedlte
#uncappedfibre
#internet
#onlineschool
#smallbusiness
#workfromhome
#stayhome
#staysafe
#stayonline https://t.co/0xtiEC70Pk",South Africa,FibreBoyz,0,0,2020-07-27 15:07:16
150,"Remember when we could shake hands? Gooood times.

A special thank you our sponsor of the Young Heroes Awards: @TDBank_US !  We're officially one week away until we announce this year's winners! Are you as excited as we are?!? 

#students #youngheroes #onlineschool #virtualschool https://t.co/LrjzYQpqm4","Philadelphia, PA",LibertyMuseum,0,0,2020-07-27 14:56:12
151,"#MondayMotivation
Let us all try to stay positive during these hard times!

Stay connected with us at https://t.co/NX7XWdDNma or call us at (888) 567-1844.

#onlineeducation #onlinelearning #onlineschool #mondaythoughts #MondayMood #MondayVibes #Motivation #PositiveVibes #qotd https://t.co/MnOyCyuxzA","Tempe, AZ",pinnaclevhs,0,0,2020-07-27 13:18:21
152,"Let go of the fear of being wrong and explore the opportunities life has to offer!
#WhitmoreSchool #MotivationMonday #OnlineSchool https://t.co/91o3RacdPG","Morgantown, WV",WhitmoreSchool,0,0,2020-07-27 12:00:00
153,"""#VirtualLearning is not the next big thing, it is the NOW thing!”

The school buildings may be shut, but my learning continues as I #StudyFromHome

#Kara4Kids #KaraESchool #Preschool #OnlineSchool #OnlineLearning #VirtualLearning #NewNormal #Bengaluru #Bangalore #Delhi #NewDelhi https://t.co/0nisKq9cg8","Bangalore, India",Kara4Kids,0,0,2020-07-27 07:56:51
154,"Last month, our #onlineschool celebrated the graduation of more than 800 seniors, whom collectively earned $856,000 in scholarship funds. So proud of our students!",,DrRichardSavage,0,3,2020-07-27 07:00:00
155,#PacificNorthwest @ConnectionsAcad's 2020 valedictorian is featured in @LynnwoodToday. I'm so proud of our first-ever graduating class of seniors! #onlineschool https://t.co/9OVfyjpnj0,"Olympia, WA",nitrojenfrancis,0,1,2020-07-27 07:00:00
156,#schoolmanagementsoftware #schoolsoftware #schoolmanagement #school #nifty #erp #schoolerpsoftware #schoolmangmentsoftware #usa #school #onlineschool Visit our website to know more:https://t.co/panGr4VYhO https://t.co/AlGH2xB3is,WorldWide,Niftysol,0,0,2020-07-27 06:27:07
157,"#Aunts and #uncles hold a special place in our hearts.
Happy National Aunt and Uncle’s Day!

Visit https://t.co/NX7XWdDNma or call us at (888) 567-1844.

#Parents #onlineeducation #onlinelearning #onlineschool #sundayvibes #sundayfunday #SundayThoughts #SundayMotivation https://t.co/Ed1F7S1ruO","Tempe, AZ",pinnaclevhs,0,0,2020-07-27 05:01:36
158,Brand new and ready to use Canon Pixma MP237 w/ CISS and free 1 set of ink. Warranty for 3 months on CISS/ink tank and printer unit. No warranty on cartridges. #OnlineSchool #PisoParaSaLaptop https://t.co/N4XZHS6xCK,Hell's Kitchen,rofuckingie,0,0,2020-07-27 04:49:08
159,"A little something to get you started this week✨ Remember you are beautiful
.
.
. 
#itsthefamilyblog #ITFblog #staysafe #stayhome #podcast #school #onlineschool #thefamilytalks #coronavirus #learning #selfworthy #beautiful #yourbeautiful #justrememberyouarebeautiful https://t.co/7KPaP8MKCM",,ItsFamilyBlog,0,0,2020-07-27 04:37:15
160,"Pak Toppers launching new web who will visit first let's start
#paktoppers #educationwebsite #onlineclass #onlineschool #onlineeducation #education4all #onlinequranclass #studyonline 
For more information Contact through Whatsapp +92 312 6153172 
https://t.co/CWpFp8OwQA https://t.co/WFnbTU7T3W",Pakistan ,PakToppers,0,0,2020-07-27 04:05:18
161,"Home schooling during #lockdown2020 

#onlineschool #studyathome #simplelife #ruralindia https://t.co/ysmFBEQm3i",Mumbai,tribalroute,0,0,2020-07-27 02:28:30
162,College starts in less than a month...Please give me advice and tips💗 #college #onlineschool #COVIDー19 #FirstYear,"Mission Viejo, CA",_ErikaPerezzz,0,0,2020-07-27 01:09:23
163,"All the kids have grown taller and healthier very quickly during the lockdown. #onlineschool for life, eh?","Karachi, Pakistan",SabahatNaseem,0,0,2020-07-26 20:44:02
164,"Prime example of when things don't go as planned.

#shethpublishers #lockdown #quarantine #videolectures #onlineschool #virtuallearning #onlineschool #onlineclasses https://t.co/4M18oVhTNt",,shethpublishers,0,0,2020-07-26 17:51:49
165,"#covid19 #onlineschool #HealthBeforePolitics 

I cannot imagine a child in school who needs a teacher's assistance with schoolwork and the teacher is not allowed for their safety and the… https://t.co/fhLyKHgFmW","Dallas, TX",TheButlerEnt,0,0,2020-07-26 15:05:21
166,"We know many parents and students are preparing to start the new school year online for the first time. Our online education experts at Connections Academy have pulled together some resources that can help. https://t.co/I1xnSh66Ls

#ConnectionsAcademy #BackToSchool #OnlineSchool",,ConnectionsAcad,5,16,2020-07-26 15:02:00
167,"Let's thank our parents on #NationalParentsDay

Visit https://t.co/NX7XWdDNma or contact us at (888) 567-1844.

#Parents #onlineeducation #onlinelearning #onlineschool #onlineteaching #onlinetutoring #sundayvibes #sundayfunday #SundayThoughts #SundayMotivation #distanceeducation https://t.co/7FkRgE4u07","Tempe, AZ",pinnaclevhs,1,0,2020-07-26 14:46:22
168,"Here are some tips to organize an ideal study space to help you ace your lessons. Log on to #PCPaathshala and make it a cake walk.

@IntelIndia

#OnlineLearning #ELearning #DistanceLearning #OnlineSchool #OnlineCourses #StudyAtHome #EdTech 

 👇
https://t.co/n8Gfi6sy7o",New Delhi,timesofindia,6,31,2020-07-26 11:33:25
169,"#GetConnected today on #uncapped fibre. Complete our simple form here: https://t.co/zuxWvBeYUu or visit https://t.co/gsLZIBXAHz to get all of our great dealz

#uncappedfibre
#datamustfall
#datahasfallen
#freedom
#joy
#love
#entrepreneur 
#onlineschool
#smallbusiness https://t.co/hBeRrAAouM",South Africa,FibreBoyz,0,1,2020-07-26 08:58:56
170,ARE YOU SMARTER THAN A 3RD GRADER? | MATH EDITION | QUIZ |GAME https://t.co/P2ZkCOrQjT via @YouTube #youtube #Subscribe #Mathquiz #onlineschool #Homeschooling #sundayvibes,,pastelbabyph,3,6,2020-07-26 08:58:44
171,"Giridih Online Classes | Class 09th | Motion | Chapter1 | Physics | Part 3 | Mantu Kumar

Watch on YouTube: https://t.co/rKVi35WdV4

#BeatofLife #BeatofLifeEntertainment #BLE 
#OnlineClasses #DigitalClasses #Giridih #Jharkhand
#GiridihCity #OnlineSchool","New Delhi, Delhi",beatoflifeent,0,2,2020-07-26 08:38:43
172,A variety of factors differentiate face-to-face classes and online classes. Both are completely different when you are learning. Useful tips provided by #PCPaathshala on online learning. #TOI #IntelIndia #Edtech #OnlineSchool https://t.co/Yy42kpSzT0 https://t.co/VGsgwmjgPr,,xhiva_,0,0,2020-07-26 08:33:26
173,"Giridih Online Classes | Class 10th | How Do Organisms Reproduce | Chapter 3 | Episode 02 | Biology | P C Karna |

Watch on YouTube: https://t.co/Dovm4jYlFw

#BeatofLife #BeatofLifeEntertainment #BLE 
#OnlineClasses #DigitalClasses #Giridih #Jharkhand
#GiridihCity #OnlineSchool","New Delhi, Delhi",beatoflifeent,0,3,2020-07-26 08:15:52
174,"Giridih Online Classes | Class 09th | Isotopes And Isobar | Chapter-4 | Episode 4 | Chemistry | Manoj Kumar Saw

Watch on YouTube: https://t.co/gw5M9dVL7u

#BeatofLife #BeatofLifeEntertainment #BLE 
#OnlineClasses #DigitalClasses #Giridih #Jharkhand
#GiridihCity #OnlineSchool","New Delhi, Delhi",beatoflifeent,0,2,2020-07-26 07:39:51
175,@HRDMinistry @PMOIndia amidst this all crisis why can't the govt issue a home schooling circulum upto class 8th and on online assessment by CBSE for results.y frce parents to take up online classes nd pay exorbant fees.#onlineschool,delhi,upadhyaysuraj,0,0,2020-07-26 07:39:48
176,"Grade 10 Tourism Study Guides, Exam Papers and Videos available at https://t.co/JfIg0WYWQ6

#Homeschool #onlinelearning #elearning #studyingfromhome #onlineschool #learningfromhome #teaching #homeschooling #studyingathome #Teachers #Educators #Teachist https://t.co/Ve2peitemz",South Africa,Teachist3,0,1,2020-07-26 06:28:54
177,#OnlineTeaching #OnlineSchool in #2020School Might Go Something Like Thi... https://t.co/3d9qn2xDf3 via @YouTube,Los Angeles,SafetyGeeksShow,0,0,2020-07-26 02:50:54
178,#OnlineTeaching #OnlineSchool in #2020School Might Go Something Like Thi... https://t.co/1bLzSclZgi via @YouTube,"Los Angeles, CA",TomKonkle,0,0,2020-07-26 02:50:11
179,#OnlineTeaching #OnlineSchool in #2020School Might Go Something Like Thi... https://t.co/NBnAlDcafl via @YouTube,,jillmasterson30,0,0,2020-07-26 02:50:03
180,"#Mindfulness #meditation is not the only method to prevent #anxiety. Laughing is the best form of meditation 😃. #school #workschool #GamersUnite #educational #onlineschool #programmer #coders #MarketingStrategy #MachineLearning #ai #DigitalMarketing 
https://t.co/a9KNLWsnND https://t.co/jcxPxXoN8t",New York,workschool_co,1,2,2020-07-26 01:46:01
181,#onlineschool and #WorkFromHome are a deadly combination.I can only hear...”Mute ur mic children ”from teacher’s side n ”Maam Maam” from student’s side. Here “Am I audible?” and “let me know when you see my screen”.,"Bengaluru, India",AvibSuper,0,1,2020-07-26 01:02:29
182,"The 7 BEST homeschool apps for 2020. Learn anything, anytime, anywhere with educational apps - all you need is a phone or tablet. Let's go! #homeschool #onlineschool #app #education #learnonline https://t.co/keYr9mcWrx",NE OH,some_randomlady,0,0,2020-07-26 01:00:58
183,"If you are a teacher, I made a video for you. It comes out Wednesday. 

Online Tools For Teachers 2020 https://t.co/sJIok7odyc

Let’s work together to make online learning not suck!
#teacher #school #onlineschool #remotelearning #teacherprobs #teachertech https://t.co/CQnxdEkGKZ","Nashville, TN",mrmikeyfresh,0,2,2020-07-26 00:26:15
184,"Ready to learn how to start your own podcast show? Check out this list of great podcast episodes to get inspired by.

Head over to https://t.co/gWMHV51sNy and register for FMA104 Podcasting today. 

https://t.co/WYYTiZtGWA
#yavapaicollege #prescottaz #onlineschool #onlineclasses https://t.co/aYbkXMOjUQ",,YCFMAProgram,0,0,2020-07-25 23:00:43
185,"Multiplication Bingo. 

Fun way to practice multiplications. 

Get a different game every time you play. It's a smart way to sharpen your math skills. 

Check out https://t.co/5cayHI3gNT

#mathninja #math #homeschooling #Kindergarten #K12 #onlineschool #kids #STEM  #mathbingo https://t.co/Vr8F8a0pw5","Chicago, IL",MathNinjaApp,3,1,2020-07-25 22:23:36
186,"If you're wondering if #OnlineSchool graduates will be accepted to colleges and universities, then this is the blog for you! Check it out! 📚ℹ️ #WhitmoreSchool 

Can I Get Accepted into College with an Online High School Diploma? https://t.co/jVDKQfrsia https://t.co/XxglYjPdGc","Morgantown, WV",WhitmoreSchool,0,0,2020-07-25 18:30:06
187,"The Davidson Academy online campus extended application deadline is this Monday! The Davidson Academy is the only school designed specifically for profoundly gifted students with classes grouped by ability, not age. More info: https://t.co/P3ceCblUrq #onlineschool #giftedschool","Reno, NV & Nationwide",TheDavidsonAcad,0,1,2020-07-25 17:01:58
188,"Lots of industries are in disruption right now, but podcasting continues to do well in advertising revenue.

Register for Podcasting this fall at https://t.co/TAHF0EUGIm

https://t.co/6N3rNLCJXz
#yavapaicollege #prescottaz #onlineschool #onlineclasses #podcasting #podcast https://t.co/3VeWxn4UeX",,YCFMAProgram,0,0,2020-07-25 15:02:15
189,"#BrainStrain

Let us know in the comments below!

Visit https://t.co/NX7XWdDNma or call us at (888) 567-1844.

#virtualclassroom #distanceeducation #distancelearning #onlineschool #virtuallearning #onlineschool #onlineteaching #saturdaymotivation #saturdayvibes #saturdaythoughts https://t.co/sHQg7qpKyz","Tempe, AZ",pinnaclevhs,0,0,2020-07-25 13:38:31
190,"Giridih Online Classes | Class 11th | Landscape Of The Soul | Chapter-4 | Part 1 | Hornbill | English | S K Pandey |

Watch on YouTube: https://t.co/9MNVxrd2pJ

#BeatofLife #BeatofLifeEntertainment
#OnlineClasses #DigitalClasses #Giridih #Jharkhand
#GiridihCity #OnlineSchool","New Delhi, Delhi",beatoflifeent,0,1,2020-07-25 10:35:11
191,"A gentle reminder to be #grateful for the blessings in ur life!

Visit https://t.co/NX7XWdDNma or call at (888) 567-1844.

#gratefulness #students #mindfulness #blessing #mindful #onlineeducation #onlinelearning #virtualclassroom #distanceeducation #distancelearning #onlineschool https://t.co/uDv2aD6pWd","Tempe, AZ",pinnaclevhs,1,0,2020-07-25 09:56:19
192,"Short film, made by 15-year-old Olivia McNeil, calling out for us to understand the soul-crushing miseries of online school. The film's final stop motion sequence lasts less than 1 min, but took 480 clips. 

#Unschooling #SchoolingTheWorld #OnlineSchool 

https://t.co/UZT1IenUR3","Wirral, UK",Sheena_Hatton,0,0,2020-07-25 08:49:47
193,"On the occasion of #NagPanchami, a question from the Iconiq 10 quiz set 'Jungles of India'. 
Want Clue 2? 
(8 such questions, 1 amazing story and 1 family activity for ₹99! +52 more themes. Get it on https://t.co/1khcCZiUy9!) #India #onlineschool #quiz #family https://t.co/A89ZvSA9CA",,IconiqIndia,2,0,2020-07-25 08:45:05
194,"Giridih Online Classes | Class 12th | Planning | Business Studies | Chapter-3 | Part 3 | Krishna Murari Mishra |

Watch on YouTube: https://t.co/FRMMJxD8xs

#BeatofLife #BeatofLifeEntertainment #BLE 
#OnlineClasses #DigitalClasses #Giridih #Jharkhand
#GiridihCity #OnlineSchool","New Delhi, Delhi",beatoflifeent,0,2,2020-07-25 08:02:38
195,"Giridih Online Classes | Class 10th | The Age of Industrialisation | Chapter 4 | Part 2 | History | Sunny Singh

Watch on YouTube: https://t.co/ddnZp9nIFG

#BeatofLife #BeatofLifeEntertainment #BLE 
#OnlineClasses #DigitalClasses #Giridih #Jharkhand
#GiridihCity #OnlineSchool","New Delhi, Delhi",beatoflifeent,0,2,2020-07-25 07:34:38
196,"Now kids also understand the pain of Working From Home!!

#am_i_audibke
#can_you_see_my_screen
#onlineschool","Pune, India",anwarhusen,0,1,2020-07-25 05:00:42
197,"#onlineschool #onlinecourses  Create and sell your online courses from one comprehensive platform. FreshLMS is a platform that lets you create, customize, and sell your online courses, handling everything from landing pages to payment processing. https://t.co/mB7Pk3wgi5",Philippines,Techchaser,0,1,2020-07-25 02:21:07
198,"“We believe we will offer a HYBRID model when school begins 18 Aug, but we may be directed to offer only #OnlineSchool. Regardless, by being a part of the @aishongkong family, you are guaranteeing that your child will receive exemplary instruction.“ via @asimpsonEDU #RedBrick125 https://t.co/rPx4JIAp9l",🇵🇭🇺🇸🇮🇹🇩🇪🇦🇷🇧🇬🇭🇰,josefinor,5,11,2020-07-25 01:37:15
199,"Here is a fantastic example of how the page is translated to the screen, from the Academy Award winning animated feature, Coco. 

Register for Screenwriting this fall: https://t.co/UM0cH8oplp

#yavapaicollege #prescottaz #onlineschool #screenwriting #filmschool #filmstudent https://t.co/CW8qpLC2Ca",,YCFMAProgram,0,0,2020-07-24 23:00:37
200,Meet Mrs. Melanie Caffee! #teacherspotlight #nsa #nicsschools #onlineschool #homeschooling https://t.co/ZBo2coYzww,"Southaven, Mississippi",nsanics,0,2,2020-07-24 21:56:02
201,"The Davidson Academy online campus extended application deadline is this Monday! The Davidson Academy is the only school designed specifically for profoundly gifted students with classes grouped by ability, not age. More info: https://t.co/7b0Iqb5uwv #onlineschool #giftedschool","Reno, NV",DavidsonGifted,2,4,2020-07-24 21:01:39
202,@realDonaldTrump @elonmusk @Tesla @GovAbbott please don’t let trump take any credit for what you did. Trump is not a real Republican! He is a crappy dictator! His sons school isn’t going to open face to face learning. Please don’t kill our kids! #onlineschool,,Elizabe72321966,0,0,2020-07-24 19:21:23
203,"Register now :

https://t.co/YN97LqDgFD 

Also join our Whatsapp group to know more about SANSKRIT
 https://t.co/4x1xfDQb8m

 Facebook link- 
https://t.co/9m2O5FR9ec
#LearningNeverStops #learnnewcourse  #onlineclasses #Sanskrit #OnlineStudyIsAnEssentialReason #onlineschool https://t.co/NsRiMmgh32",Jamshedpur,GodhuliFilms,0,1,2020-07-24 18:56:25
204,"When looking at an online school’s pros and cons, there’s a lot to consider. No two families will come to the same decision after all, since every child and situation is unique. #onlineschool #elearning #homeschool https://t.co/5Vc3LzjMfR",NE OH,some_randomlady,0,0,2020-07-24 18:47:06
205,"Remember incoming freshmen, always introduce yourself on zoom with ""And who else isn't wearing pants?"" Works wonders for first impressions #onlineschool #collegetips",,derkbrownie,0,0,2020-07-24 18:36:30
206,"We're answering the questions our most frequently asked questions! Do you have questions about #WhitmoreSchool? Let us know! #OnlineSchool 
Submit your questions here ➡️ https://t.co/UNte8Tv1da https://t.co/G8uCtZQJUN","Morgantown, WV",WhitmoreSchool,0,0,2020-07-24 18:11:49
207,"Visual Programming &amp; First Algorithms is the course where you will learn the basic concepts and ideas of programming. How exciting! 
Go to: https://t.co/bISaeDA4In
 #Learncoding, #minecraft #gamer #bestgamer #fornite #fornite2020
#quarantineschool #onlineschool #virtualclass https://t.co/xEZFJI0PMY",Miami,hackers_college,0,0,2020-07-24 17:46:44
208,The Davidson Academy online campus 2020-2021 extended application deadline is in three days! More info here: https://t.co/P3ceCblUrq  #gifteded #profoundlygifted #onlineschool #giftedschool,"Reno, NV & Nationwide",TheDavidsonAcad,0,0,2020-07-24 17:02:46
209,"We know many students will be going back to school virtually this year, and we have some scheduling tips that can help parents and students structure the day. #ConnectionsAcademy #BackToSchool #OnlineSchool https://t.co/Bs290v7cCW",,ConnectionsAcad,10,16,2020-07-24 15:00:01
210,People always walk away after an interview wondering how they did.  Not in our class.  Flight Attendant Interviews 101 #fridaymorning @ctourismcollege #fridayvibes #onlineschool #interviewskills #learn #fridaythoughts #edutwitter #remotelearning #flightattendant #school #yvr https://t.co/4NF5ry3HhV,Vancouver BC Canada ,FlightAttInst,1,2,2020-07-24 14:25:38
211,"Subscribe to Cymatic's Smart learning &amp; boost your preparations for medical exams. Registration open for 11th, 12th &amp; NEET.

#cymatic #onlineclass #registrationopen #admission #dreamcareer #reality #medical #exams #speedup #preprations #onlineschool #personalized #learning #india https://t.co/MkwXehViXC","Patna, India",CymaticIndia,1,3,2020-07-24 14:13:41
212,The resources we shared last spring when #distancelearning began will still be relevant for many districts. https://t.co/U9PLgNVShM #edtech #screentime #onlineschool,,LumenTouch,0,1,2020-07-24 13:40:14
213,"When #teaching online, I would recommend creating video instructions that walk students through how to complete an activity. This can help reduce confusion (See Chemistry Example Below). #onlineteaching #onlineschool #T2Tchat #TEACHers
https://t.co/WivHGSd9aR",,melshep34,0,2,2020-07-24 12:54:07
214,"Jazaakumullahu khayran, thank you for your efforts, prayers, support, hardwork and sacrifices🥰

#toos #tosonlineschool #funactivities #onlineschool #onlineschool2020 #onlineschoolactivities https://t.co/lCiU73Anf5","59, Bode Thomas Road, Surulere",outlierschool1,0,1,2020-07-24 10:28:58
215,"Confused about how to connect with others?

#PCPaathshala presents the top tips &amp; tools for videoconferencing

#OnlineLearning #Education #ModernLearning #ELearning #DistanceLearning #OnlineSchool #OnlineCourses #HomeSchooling #StudyAtHome #EdTech #LearningAtHome https://t.co/GiVNppeTkJ",New Delhi,timesofindia,3,14,2020-07-24 09:01:27
216,"Worried what your kids might come across on the internet?

Here’s seven guaranteed-safe search engines for your kids from the folks at #PCPaathshala

#OnlineLearning #ELearning #DistanceLearning #OnlineSchool #OnlineCourses #HomeSchooling #StudyAtHome #EdTech #LearningAtHome https://t.co/UuaMGCqAtU",New Delhi,timesofindia,4,17,2020-07-24 09:00:07
217,"Finding it difficult to get through to your students?

Watch this video from #PCPaathshala for some simple tips on making effective presentations

#OnlineLearning #Education #ModernLearning #ELearning #DistanceLearning #OnlineSchool #OnlineCourses #HomeSchooling #StudyAtHome https://t.co/btLwz4O5gv",New Delhi,timesofindia,3,18,2020-07-24 08:59:12
218,"Giridih Online Classes | Class 09th | Climate | Chapter-4 | Part 2 | Geography | Rajesh Kumar Singh

Watch on YouTube: https://t.co/q4WBJXOCh1

#BeatofLife #BeatofLifeEntertainment #BLE 
#OnlineClasses #DigitalClasses #Giridih #Jharkhand
#GiridihCity #OnlineSchool","New Delhi, Delhi",beatoflifeent,0,1,2020-07-24 08:12:39
219,"Giridih Online Classes | Class 12th | Production Function | Chapter 6 | Episode 1 | Economics | Sikandar Kumar |

Watch on YouTube: https://t.co/wdwiKhGthD

#BeatofLife #BeatofLifeEntertainment #BLE 
#OnlineClasses #DigitalClasses #Giridih #Jharkhand
#GiridihCity #OnlineSchool","New Delhi, Delhi",beatoflifeent,0,1,2020-07-24 08:05:44
220,"Giridih Online Classes | Class 10th | Lifelines of National Economy | Chapter 7 | Episode 2 | Geography | S. P. Verma

Watch on YouTube: https://t.co/s1lzNMnamB

#BeatofLife #BeatofLifeEntertainment #OnlineClasses #DigitalClasses #Giridih #Jharkhand
#GiridihCity #OnlineSchool","New Delhi, Delhi",beatoflifeent,0,1,2020-07-24 07:55:40
221,"Did you know that you can access https://t.co/eK1DV5Lhaf through KICDs Kenya Education Cloud? All the topics and forms are listed at https://t.co/uPyOOon4pC

#kenyaeducation #highschool #secondaryteacher #onlineschool #elearningtips… https://t.co/G7xEgbaGwi","Nairobi, Kenya",Studi_co_ke,0,0,2020-07-24 07:03:52
222,"#FunFacts
Bringing interesting facts from all the domains!

Visit https://t.co/ci0RZ0mEyC or call us at (888) 567-1844.

#english #facts #onlineeducation #onlinelearning #onlineschool #ThursdayMotivation #ThankfulThursday #GoodThursday #ThursdayThoughts #thursdayvibes https://t.co/3nbU8qmw4I","Tempe, AZ",pinnaclevhs,0,0,2020-07-24 05:41:34
223,Truth of india and i am sure cocrores of children's been deprived of education due to online tutorials by schools. #pandomic #onlineschool #rightforeducation  https://t.co/RQ0zi0qfsS,"Bengaluru South, India",nitin2kool,0,1,2020-07-24 03:04:15
224,#OnlineTeaching #OnlineSchool in #2020School Might Go Something Like This...   https://t.co/1bLzSclZgi a new thing I wrote today #onlineeducation,"Los Angeles, CA",TomKonkle,0,0,2020-07-24 02:14:25
