,Content,Location,Username,Retweet-Count,Favorites,Created at
0,"Stop the ""Sage-on-the-Stage Flipping through PowerPoint Slides"" online training! You are giving me a headache! 

#onlineconference #onlinetrainings #onlineducation https://t.co/uoKkO2flLN",DC,wabranty,0,0,2020-08-01 15:52:14
1,"#school #schoolmanagementsoftware #digitalschool #digitalclass #digitalindia #onlineducation #onlineadmission
connect with us at: info@dolittletech.com
Call us at 7066678774 https://t.co/c1xc1bKx16","Hyderabad,India",DoLittleTechno1,0,0,2020-07-31 17:51:34
2,"It's Friday morning! Let's get those brains working!
Ask you kids, and let us know their answers below!

 #braingames #braingame #puzzle #fun #educational #riddlemethis #brainteasers #onlineducation #learningisfun https://t.co/MrL1cek7On",,bbk_network,0,0,2020-07-31 16:14:01
3,"Excited to announce our partnership with the St. Louis University Workforce Center to offer our certificate in Supervised Machine Learning: https://t.co/pjMkKPGbns

#artificialintelligence #machinelearning #datascience #dataanalytics #onlineducation #internetofthings #customer360 https://t.co/4uVHgff4xA","Not in Atlanta, Not in Athens",phi16181,2,1,2020-07-31 14:14:55
4,"https://t.co/zgaFMjILQ5

All you analytic enthus Join the free course party at https://t.co/rf3nanXTPn 
Right away! 
#DataScience #Bigdata #Sql #Onlineducation #Analyttica",,siddhiwut,2,0,2020-07-31 10:34:15
5,"Thanks to our special Guest Ms. Indrani Guha for enhancing the creativity of our student's @IGNITE 2020.
.
Visit - https://t.co/hmIMibwCVq
.
.
#ASPAMIIS #cbseschoolinsharjah #dubaischool #onlineducation #besteducation #creativity #dubaieducation #onlinelearning #digitaleducation https://t.co/JPqmkJeK7n","Sharjah, UAE",Aspamiis1,0,0,2020-07-31 08:30:03
6,Shaw Academy STOLE my money via PayPal during this global crisis by promising a Free Trial Course pack. BEWARE! @paypal @shawacademy #onlineducation #covid19 #reportshawacademy #shawacademyscam #jamesegan #shawacademyfraud,,juhi_ra,0,0,2020-07-31 03:09:14
7,"'The pandemic has underscored the critical need for online learning and highlights the vital role technology has to play in supporting all students, including those with disadvantages, through the lockdown and beyond'.

 #education #onlineducation https://t.co/bxUMxCekb9","Manchester, England/Global",AchiengBussey,1,3,2020-07-29 15:23:58
8,"Evolving with the time is very nature of all living beings. Initially Teaching Online wasn't so comfortable, now it's all part of my profession. 

Living in a remote village and able to attain all these goal is really satisfactory. 

#onlineducation #onli…https://t.co/s5mRIZtj1Z","Siddapur, India",Shreelatahegde,0,0,2020-07-29 15:20:39
9,"DATA IS THE NEW FUEL!!
DataScience is the one of the highest In-Demand skill…
 
Opportunity to learn DataScience with Industry Expert through an most comprehensive JOB-ORIENTED Online Training program -
 
https://t.co/QPZ0eVxXil

#datascience #training #onlineducation #jobready",Bangalore,MohitMah_Blr,2,2,2020-07-29 03:26:00
10,"Thoughtful, peer-reviewed research in NCU's Intl Journal of Online Graduate Education. More relevant than ever right now. MORE -&gt; https://t.co/bPlOGWFY5s 

#onlineducation #distancelearning #remotelearning #remoteeducation #onlinelearning #academia #research #edutwitter","La Jolla, California",President_NCU,0,1,2020-07-28 18:35:11
11,"An investment in knowledge pays the best interest. –Benjamin Franklin

Read more about how you can invest in knowledge!

https://t.co/ghGl6gvus1

#chatbot #onlineclassroom #onlineducation","Karachi, Pakistan",RemshaMoghis,0,0,2020-07-28 12:21:30
12,"👉Making Sense of Data in the Media👍

✔️Learn what numbers reveal, when and why they mislead, and how to spot fake news.

 🡺 https://t.co/a1Y7gq2Lwo

#Education #onlineducation #onlineeducationplatform #onlinecourse #onlinecoaching #onlineclass #businessdevelopment #studyplus https://t.co/F8zCDrwbcW",,CreativeMediaF5,0,1,2020-07-28 07:00:34
13,"👉Making Sense of Data in the Media👍

✔️Learn what numbers reveal, when and why they mislead, and how to spot fake news.

 🡺 https://t.co/a1Y7gq2Lwo

#Education #onlineducation #onlineeducationplatform #onlinecourse #onlinecoaching #onlineclass #businessdevelopment #studyplus https://t.co/FpJIn1z3aT",,CreativeMediaF5,0,1,2020-07-28 07:00:15
14,"Manage your school operations effectively with Yayskool.
Email: mail@yayskool.com
#schools #smartschool #education #onlineducation #onlineclassroom #onlineclasses #online #SaaS #improve #schoolmanagement #edtech #teachers #edtechs #schoolerpsoftware #schoolerp #software #yayskool https://t.co/WpV35gRfmZ",Lucknow,yayskooloffice,0,1,2020-07-28 03:55:56
15,"It's Monday afternoon and we want you to ask your kids what they think!
Let us know their answers below!

#braingames #braingame #puzzle #fun #educational #riddlemethis #brainteasers #onlineducation #learningisfun https://t.co/wHxzVA4q4S",,bbk_network,0,0,2020-07-27 23:15:01
16,"Starting July 29th - Supply Chain Analytics - Learn more about the course, our global community of learners, and enroll at the link below. #supplychainmanagement #dataanalyst #MIT #onlineducation #datamanagement  #edx https://t.co/PJyMZz1BSK https://t.co/Ten11O4eoC","Cambridge, Massachusetts",mitsupplychain,0,3,2020-07-27 14:19:22
17,Article by @DrRuwanDias &amp; @NireshEliatamby  https://t.co/lermsyK0XG #education #distancelearning #onlineducation #COVID19 #lka #schools #distanceeducation #teaching #CoronaVirusUpdates #SriLanka #cogitaro,"Colombo, Sri Lanka.",NireshEliatamby,4,1,2020-07-27 09:51:15
18,"Become a smart school with Yayskool because it's not just an ERP but a complete product suite to enhance overall effectiveness.

#schools #smartschool #education #onlineducation  #SaaS #schoolmanagement #schoolerpsoftware #schoolerp #software  #edtech #edtechs #teachers #yayskool https://t.co/w8uvZLtxHi",Lucknow,yayskooloffice,0,0,2020-07-27 02:42:10
19,#onlineducation after #covid. Interview at Republic World https://t.co/ChIS6Mx620,"Gurgaon, India",AKSIndian,0,0,2020-07-26 07:41:25
20,"I have joke on #onlineclassroom, let me share my screen first😅 
 
.
.
.
#onlineducation #ihaveajoke #onlinecourse #onlineeducationplatform #edutech
#ihavejoke #DilBecharaReview #ItsOkayToNotBeOkay 
@Dipakjha94 @gurusikshaedu","Kolkata, India",Dipanwita_royl,2,2,2020-07-25 16:06:33
21,"Leave the paper based system behind &amp; manage your school online with Yayskool.
Email: mail@yayskool.com
#schools #smartschool #education #onlineducation #online #SaaS #improve #schoolmanagement #schoolerpsoftware #schoolerp #software #edtech #edtechs #schools #teachers #yayskool https://t.co/4Gk6UKc9b8",Lucknow,yayskooloffice,0,0,2020-07-25 06:19:07
22,"Try it out with your kids and see if they can get the answer!
Let us know what you think the answer is below!

#braingames #braingame #puzzle #fun #educational #riddlemethis #brainteasers #onlineducation #learningisfun https://t.co/psmjRDXATc",,bbk_network,0,0,2020-07-24 22:02:23
23,"What would you choose? Online or offline education? 
.
.
.
.
Data Science Dose
#onlineducation #offlineeducation #solutions #artificialIntelligence #machine #machineLearning #smartCity #IoTForAll  #catapultDataLeaders 
To Know More Visit Us At:  https://t.co/6gJF9io97q https://t.co/jMFu2Tg78R",,FolkzData,2,1,2020-07-24 13:31:26
24,"Register Yourself With BTES for Online Training in Industry Specific Tools &amp; Get the Best Professional, Quality Training by Industry Experts.
https://t.co/cYL6DtEB7U
#onlineducation #onlinetrainingprogram #onlinetraining #industryexpert #professionaltraining #qualitymanagement https://t.co/zyyiq1UiaB",,btesedu,0,1,2020-07-24 12:36:00
25,"Become a smart school with Yayskool because it's not just an ERP but a complete product suite.

#schools #smartschool #education #onlineducation #online #SaaS #improve #schoolmanagement #schoolerpsoftware #schoolerp #software #edtech #edtechs #schools #teachers #yayskool https://t.co/OLoJNLnE3c",Lucknow,yayskooloffice,1,1,2020-07-24 03:29:03
